{"cameraMode":{"drawMode":0,"name":"Shaded","section":"Shading Mode"},"sceneLighting":false,"audioPlay":false,"sceneViewState":{"m_AlwaysRefresh":false,"showFog":true,"showSkybox":false,"showFlares":true,"showImageEffects":true,"showParticleSystems":true,"showVisualEffectGraphs":true,"m_FxEnabled":true},"in2DMode":false,"pivot":{"x":1.9469642639160157,"y":2.9565517902374269,"z":19.74676513671875},"rotation":{"x":0.17383722960948945,"y":-0.40788373351097109,"z":0.07938341796398163,"w":0.892663836479187},"size":2.6070187091827394,"orthographic":false}