{"cameraMode":{"drawMode":0,"name":"Shaded","section":"Shading Mode"},"sceneLighting":false,"audioPlay":false,"sceneViewState":{"m_AlwaysRefresh":false,"showFog":true,"showSkybox":false,"showFlares":true,"showImageEffects":true,"showParticleSystems":true,"showVisualEffectGraphs":true,"m_FxEnabled":true},"in2DMode":false,"pivot":{"x":-0.9343408346176148,"y":-0.4104321599006653,"z":0.23912811279296876},"rotation":{"x":-0.07379429042339325,"y":0.9252845048904419,"z":-0.25957322120666506,"w":-0.2656579911708832},"size":1.4861323833465577,"orthographic":false}